position,volume,cpc,keyword_difficulty,az_relevant,intent,cluster,query,url,collection,gap_type,gsc_impressions_28d,gsc_clicks_28d,gsc_position_28d,competitor_position,competitor_url
1,70,15.489999771118164,,False,informational,unknown,how much money can you get from suing a restaurant,/how-much-money-suing-restaurant/,legacy-flat,ranking,33,6,1.4,,
3,30,192.97999572753906,,False,informational,vehicle-crashes,suing daycare for negligence,/suing-daycare-for-negligence/,legacy-flat,ranking,8,0,6.3,,
4,170,0,,True,informational,meta,ars 28-4135,/glossary/ars-28-4135/,glossary,defend,31,0,4.7,,
4,30,458.1700134277344,,False,informational,vehicle-crashes,suing a daycare for negligence,/suing-daycare-for-negligence/,legacy-flat,defend,13,0,8.4,,
4,40,0,,False,informational,other-claims,level three dog bite,/level-3-dog-bite-settlement-amounts-in-arizona-az-law-now/,legacy-flat,defend,0,0,,,
4,30,1.440000057220459,,False,informational,vehicle-crashes,suing daycare,/suing-daycare-for-negligence/,legacy-flat,defend,0,0,,,
5,20,0,,False,navigational,unknown,how to collect money from uninsured driver,/collect-money-uninsured-driver/,legacy-flat,defend,17,0,2.9,,
5,50,0,,True,informational,vehicle-crashes,bus accident arizona,/bus-accidents/,practice-area,defend,2,0,7,,
5,40,25.360000610351562,,False,informational,vehicle-crashes,can i sue a daycare for negligence,/suing-daycare-for-negligence/,legacy-flat,defend,8,0,1,,
5,40,31.309999465942383,,False,informational,unknown,glass found in food compensation,/foreign-object-in-food-settlements/,legacy-flat,defend,0,0,,,
6,30,0,,False,commercial,meta,how much does an insurance lawyer cost,/insurance-claim-lawyer-cost/,legacy-flat,defend,17,0,8.1,,
6,50,0,,True,informational,vehicle-crashes,bus accident az,/bus-accidents/,practice-area,defend,0,0,,,
6,40,0,,False,informational,unknown,can animal control take my dog for biting another dog,/can-animal-control-take-dog/,legacy-flat,defend,10,0,5.3,,
6,30,30.5,,False,informational,unknown,reasons to sue a restaurant,/lawyer-sue-fast-food/,legacy-flat,defend,6,0,2,,
7,170,0,,True,informational,meta,ars 13-3620,/glossary/ars-13-3620/,glossary,impression_loser,84,0,8.0,,
7,170,0,,False,informational,meta,ars 13 3620,/glossary/ars-13-3620/,glossary,defend,14,0,7.2,,
8,90,0.09000000357627869,,True,informational,vehicle-crashes,does arizona have a motorcycle helmet law,/legal-guides/arizona-motorcycle-law/,legal-guide,defend,9,0,12,,
8,50,67.69000244140625,,False,informational,vehicle-crashes,suing a daycare,/suing-daycare-for-negligence/,legacy-flat,defend,11,0,9.4,,
8,40,44.22999954223633,,False,informational,unknown,million dollar settlement,/million-dollar-slip-fall-settlements/,legacy-flat,defend,6,0,9.3,,
9,590,23.829999923706055,,False,informational,other-claims,dog bite settlement calculator,/dog-bite-settlement-calculator/,legacy-flat,defend,0,0,,,
9,30,0,,False,informational,unknown,will animal control take my dog for biting,/can-animal-control-take-dog/,legacy-flat,defend,6,0,1,,
11,170,93.51000213623047,,False,informational,unknown,azlaw,/contact/,legacy-flat,almost,25,0,6.7,,
11,30,192.97999572753906,,False,informational,vehicle-crashes,sue daycare for negligence,/sue-daycare-for-negligence/,legacy-flat,almost,5,0,6.5,,
12,390,0.05000000074505806,,True,informational,meta,helmet laws in arizona,/legal-guides/arizona-motorcycle-law/,legal-guide,almost,23,0,13.4,,
12,50,0,,False,informational,unknown,will animal control take my dog for biting me,/can-animal-control-take-dog/,legacy-flat,almost,4,0,1,,
12,40,0,,False,informational,meta,ars 11-1025,/glossary/ars-11-1025/,glossary,almost,2,0,36,,
12,30,0,,False,informational,other-claims,level 3 dog bite settlement,/level-3-dog-bite-settlement-amounts-in-arizona-az-law-now/,legacy-flat,almost,8,0,9.9,,
12,30,458.1700134277344,,False,informational,vehicle-crashes,daycare negligence lawsuit,/suing-daycare-for-negligence/,legacy-flat,almost,5,0,73,,
12,30,0,,False,informational,unknown,found foreign object in food,/foreign-object-in-food-settlements/,legacy-flat,almost,1,0,1,,
12,20,13.319999694824219,,False,informational,other-claims,dog bite claim calculator,/dog-bite-settlement-calculator/,legacy-flat,almost,0,0,,,
13,40,85.97000122070312,,True,commercial,meta,lawyers in maricopa az,/locations/maricopa-injury-lawyer/,other,almost,5,0,9.8,,
13,30,1.440000057220459,,False,informational,vehicle-crashes,sue daycare,/sue-daycare-for-negligence/,legacy-flat,almost,6,0,29.7,,
14,70,0,,False,informational,meta,ars 46 456,/abuse/elder-abuse/,other,almost,0,0,,,
14,70,12.109999656677246,,False,informational,unknown,goodnow mckay,/contact/,legacy-flat,almost,1,0,25,,
14,50,67.69000244140625,,False,informational,vehicle-crashes,daycare lawsuits,/daycare-lawsuit-guide/,legacy-flat,almost,1,0,38,,
14,30,0,,True,informational,unknown,duty to warn arizona,/premises-liability/failure-to-report-abuse/,practice-area,almost,0,0,,,
14,30,0,,False,informational,unknown,will animal control take my dog if it bites me,/can-animal-control-take-dog/,legacy-flat,almost,3,0,1,,
15,260,0,,True,informational,meta,ars 28-663,/legal-guides/arizona-hit-and-run-law/,legal-guide,almost,6,0,17,,
15,40,25.360000610351562,,False,informational,vehicle-crashes,can i sue daycare for negligence,/suing-daycare-for-negligence/,legacy-flat,almost,11,0,8.9,,
15,40,56.439998626708984,,False,commercial,unknown,attorney now,/,home,almost,2,0,1,,
15,30,0,,False,informational,unknown,improper use of bedrails or other restraints is considered,/premises-liability/improper-use-of-restraints/,practice-area,almost,0,0,,,
15,30,0,,False,informational,vehicle-crashes,which caregiver behavior is consistent with psychological abuse,/abuse/caregiver-abuse/,other,almost,0,0,,,
16,260,25.299999237060547,,False,informational,other-claims,million dollar slip and fall settlements,/million-dollar-slip-fall-settlements/,legacy-flat,almost,54,1,2.0,,
16,210,0,,False,informational,vehicle-crashes,accident doctors pay $0 car accidents fix your pain,/why-you-dont-have-to-pay-your-doctors-right-away-after-a-car-accident/,legacy-flat,almost,2,0,55.5,,
16,50,0,,False,informational,other-claims,premises liability vs negligence,/premises-liability-vs-negligence/,legacy-flat,almost,0,0,,,
16,30,0,,False,informational,unknown,multi million dollar settlements,/million-dollar-slip-fall-settlements/,legacy-flat,almost,0,0,,,
17,210,0,,False,informational,meta,ars 28 662,/legal-guides/arizona-hit-and-run-law/,legal-guide,almost,10,0,21.4,,
17,70,16.84000015258789,,False,commercial,meta,now law firm,/,home,almost,2,0,43,,
17,50,6.429999828338623,,False,informational,other-claims,negligence premises liability,/premises-liability-vs-negligence/,legacy-flat,almost,0,0,,,
19,260,45.40999984741211,,False,informational,other-claims,level 3 dog bite settlement amount,/level-3-dog-bite-settlement-amounts-in-arizona-az-law-now/,legacy-flat,almost,0,0,,,
19,140,0,,False,informational,meta,ars 8 201,/child-abuse/,practice-area,almost,10,0,13.1,,
19,50,0,,False,informational,unknown,can you sue a restaurant for allergic reaction,/sue-restaurant-allergic-reaction/,legacy-flat,almost,13,0,4.3,,
19,40,0,,False,navigational,unknown,what to do with a million dollar settlement,/million-dollar-slip-fall-settlements/,legacy-flat,almost,11,0,7.1,,
19,40,56.439998626708984,,False,commercial,meta,lawyers now,/about/team/,other,almost,0,0,,,
20,40,0,,False,informational,other-claims,repeated acts of violence in the case of licensed premises,/personal-injury/premises-liability/,other,almost,1,0,20,,
20,30,0,,False,informational,unknown,foreign object found in food,/sue-food-company-object/,legacy-flat,almost,1,0,1,,
21,170,0,,True,informational,unknown,mandatory reporting arizona,/glossary/mandatory-reporter/,glossary,almost,9,0,20.8,,
21,70,0,,True,informational,meta,ars 46-456,/abuse/elder-abuse/,other,almost,10,0,10.7,,
21,30,0,,False,informational,meta,now law,/locations/maricopa-injury-lawyer/,other,almost,4,0,14,,
22,170,0,,True,informational,unknown,mandated reporting arizona,/glossary/mandatory-reporter/,glossary,almost,1,0,22,,
22,20,4.739999771118164,,False,navigational,vehicle-crashes,how to sue a daycare for negligence,/sue-daycare-for-negligence/,legacy-flat,almost,20,0,7.8,,
22,50,31.850000381469727,,False,informational,vehicle-crashes,can you sue a daycare for negligence,/sue-daycare-for-negligence/,legacy-flat,almost,9,0,6.9,,
23,390,40.5099983215332,,False,commercial,meta,solutions now law firm,/locations/,legacy-flat,almost,3,0,30.3,,
23,30,31.209999084472656,,False,navigational,unknown,how to sue a restaurant for negligence,/lawyer-sue-fast-food/,legacy-flat,almost,19,0,14.5,,
23,50,0,,False,informational,abuse-negligence,assault in schools,/abuse/school-abuse/,other,almost,0,0,,,
24,140,0,,False,informational,meta,ars 12 341,/glossary/,glossary,almost,1,0,24,,
24,20,94.7699966430664,,False,commercial,meta,lawyers for suing restaurants,/lawyer-sue-fast-food/,legacy-flat,almost,1,0,2,,
25,320,120.31999969482422,,False,branded,branded,lamber goodnow injury lawyers,/locations/maricopa-injury-lawyer/,other,almost,24,0,45.3,,
27,40,0,,True,informational,meta,ars 46-454,/premises-liability/failure-to-report-abuse/,practice-area,almost,28,0,8.6,,
27,50,0,,False,informational,unknown,unnecessary restraint is,/premises-liability/improper-use-of-restraints/,practice-area,almost,0,0,,,
29,320,0,,False,informational,unknown,failed to report,/premises-liability/failure-to-report-abuse/,practice-area,almost,0,0,,,
30,140,0,,True,informational,meta,ars 12-341,/glossary/,glossary,almost,2,0,30,,
30,90,0,,False,informational,unknown,failure to supervise,/premises-liability/negligent-supervision/,practice-area,almost,5,0,60.4,,
30,30,0,,True,branded,branded,lamber goodnow injury lawyers phoenix,/,home,almost,0,0,,,
30,30,73.62000274658203,,False,commercial,meta,the krasnow law firm,/contact/,legacy-flat,almost,0,0,,,
31,210,4.369999885559082,,False,informational,unknown,negligent employment,/premises-liability/negligent-hiring-or-training/,practice-area,deep_back,1,0,45,,
32,720,147.2899932861328,,False,informational,unknown,get insured now,/hit-by-uninsured-driver-insured/,legacy-flat,deep_back,0,0,,,
32,110,5.269999980926514,,False,informational,vehicle-crashes,can you sue someone for verbal abuse,/can-you-sue-for-verbal-abuse-or-being-yelled-at-in-arizona/,legacy-flat,deep_back,0,0,,,
33,260,36.0099983215332,,False,informational,meta,warnock mackinlay law pllc,/,home,deep_back,1,0,42,,
33,140,0,,False,informational,meta,ars 28 645,/legal-guides/arizona-pedestrian-law/,legal-guide,deep_back,2,0,30.5,,
33,40,135,,False,informational,unknown,can you sue if you fall in a store,/suing-store-for-fall-guide/,legacy-flat,deep_back,1,0,34,,
34,320,0,,True,informational,meta,ars 13-3623,/abuse/child-abuse/,other,impression_loser,245,0,26.9,,
34,140,22.860000610351562,,False,informational,meta,karnas law,/,home,deep_back,3,0,40.7,,
34,70,0,,True,informational,meta,ars 13-1401,/abuse/sexual-abuse/,other,deep_back,0,0,,,
34,30,0,,False,informational,vehicle-crashes,progressive hit-and-run parked car,/parked-car-hit-by-uninsured-driver/,legacy-flat,deep_back,0,0,,,
35,140,4,,True,informational,abuse-negligence,statute of limitations for medical malpractice in arizona,/medical-negligence/,practice-area,deep_back,2,0,49.5,,
35,70,99.75,,True,informational,meta,big az law,/,home,deep_back,1,0,58,,
36,70,12.760000228881836,,True,informational,other-claims,dog bite laws arizona,/dog-bite/,practice-area,deep_back,1,0,36,,
36,50,0,,False,informational,vehicle-crashes,daycare negligence,/suing-daycare-for-negligence/,legacy-flat,deep_back,2,0,36,,
36,30,0,,False,informational,vehicle-crashes,progressive hit and run parked car,/parked-car-hit-by-uninsured-driver/,legacy-flat,deep_back,1,0,37,,
37,390,20.270000457763672,,False,informational,meta,brandon law,/about/,legacy-flat,deep_back,2,0,40,,
37,260,49.63999938964844,,False,informational,meta,rasmussen injury law,/,home,deep_back,2,0,72,,
37,170,0.07000000029802322,,True,informational,vehicle-crashes,arizona motorcycle laws,/legal-guides/arizona-motorcycle-law/,legal-guide,deep_back,1,0,39,,
37,210,18.729999542236328,,False,informational,unknown,call christina now,/locations/buckeye-injury-lawyer/,other,deep_back,2,0,39,,
37,170,76.88999938964844,,False,informational,vehicle-crashes,car crash effects,/psychological-effects-car-accidents/,legacy-flat,deep_back,1,0,88,,
37,110,3.6600000858306885,,False,commercial,meta,karnas law firm pllc,/,home,deep_back,0,0,,,
38,210,545.6799926757812,,False,informational,vehicle-crashes,bus injury compensation,/bus-accidents/,practice-area,impression_loser,63,0,56.0,,
38,880,0,,False,informational,unknown,negligent hiring,/premises-liability/negligent-hiring-or-training/,practice-area,deep_back,1,0,1,,
38,480,21.950000762939453,,False,commercial,meta,karnas law firm,/,home,deep_back,0,0,,,
38,40,0,,True,informational,meta,ars 28-815,/personal-injury/bicycle-accidents/,other,deep_back,15,0,9.3,,
38,70,0,,False,commercial,meta,are lawyers mandatory reporters,/premises-liability/failure-to-report-abuse/,practice-area,deep_back,0,0,,,
38,50,22.959999084472656,,False,informational,other-claims,level 5 dog bite settlement examples,/dog-bite-settlement-examples/,legacy-flat,deep_back,0,0,,,
39,70,0,,False,informational,vehicle-crashes,does collision insurance cover uninsured motorist,/hit-by-uninsured-driver-insured/,legacy-flat,deep_back,0,0,,,
40,480,0,,False,informational,unknown,policy limits,/glossary/policy-limits/,glossary,deep_back,23,0,80.0,,
40,30,38.7400016784668,,False,navigational,unknown,how to sue a store,/suing-store-for-fall-guide/,legacy-flat,deep_back,2,0,44.5,,
40,30,0,,False,informational,unknown,what happens if i hit someone without insurance,/hit-by-uninsured-driver/,legacy-flat,deep_back,0,0,,,
41,110,0,,False,informational,unknown,lifelaw personal injury,/,home,deep_back,0,0,,,
41,90,82.54000091552734,,False,informational,vehicle-crashes,what happens if an uninsured driver hits my car,/hit-by-uninsured-driver-insured/,legacy-flat,deep_back,1,0,97,,
41,40,0,,False,informational,meta,ars 46 454,/premises-liability/failure-to-report-abuse/,practice-area,deep_back,0,0,,,
41,30,0,,False,informational,vehicle-crashes,what emotional reactions can crashes trigger in you,/psychological-effects-car-accidents/,legacy-flat,deep_back,1,0,41,,
41,20,1.159999966621399,,False,informational,unknown,food allergy restaurant responsibility,/sue-restaurant-allergic-reaction/,legacy-flat,deep_back,0,0,,,
42,110,335.8399963378906,,True,informational,other-claims,az dog bite law,/dog-bite/,practice-area,deep_back,0,0,,,
42,70,0,,True,informational,meta,ars 13-1410,/abuse/sexual-abuse/,other,deep_back,16,0,54.3,,
42,40,24.459999084472656,,True,informational,unknown,underinsured motorist coverage arizona,/hit-by-uninsured-driver-insured/,legacy-flat,deep_back,6,0,18.4,,
42,30,81.55000305175781,,False,navigational,unknown,how to sue a store for injury,/suing-store-for-fall-guide/,legacy-flat,deep_back,6,0,43.8,,
43,140,0,,False,informational,meta,ars 28 729,/legal-guides/,legal-guide,deep_back,5,0,52.4,,
43,70,0,,False,informational,vehicle-crashes,uninsured motorist coverage hit-and-run,/hit-by-uninsured-driver-insured/,legacy-flat,deep_back,0,0,,,
43,40,0,,False,informational,unknown,negligent training,/premises-liability/negligent-hiring-or-training/,practice-area,deep_back,3,0,35.7,,
44,70,0,,True,informational,unknown,mandatory reporting guidelines arizona,/premises-liability/failure-to-report-abuse/,practice-area,deep_back,0,0,,,
44,40,22.299999237060547,,False,commercial,unknown,national injury attorneys,/,home,deep_back,0,0,,,
45,320,21.979999542236328,,False,informational,meta,vrana law,/about/,legacy-flat,deep_back,4,0,57,,
45,260,5.5,,False,informational,meta,elmm law group,/,home,deep_back,8,0,73,,
45,260,42.36000061035156,,False,informational,meta,trauma law,/,home,deep_back,0,0,,,
45,140,87.01000213623047,,False,informational,unknown,uninsured motorist hit me,/hit-by-uninsured-driver/,legacy-flat,deep_back,2,0,72,,
45,50,26,,False,informational,meta,aj law plc,/,home,deep_back,0,0,,,
46,260,108.47000122070312,,True,commercial,unknown,injury attorney arizona,/,home,deep_back,8,0,18.1,,
46,260,15.619999885559082,,False,informational,unknown,insurance policy limits,/glossary/policy-limits/,glossary,deep_back,19,0,71.3,,
46,50,26.719999313354492,,False,commercial,meta,jensen phelan law firm,/,home,deep_back,1,0,49,,
46,40,135,,False,informational,unknown,if you fall in a store can you sue,/suing-store-for-fall-guide/,legacy-flat,deep_back,0,0,,,
49,390,16.489999771118164,,False,informational,unknown,what happens if someone without insurance hits you,/hit-by-uninsured-driver/,legacy-flat,deep_back,3,0,72.5,,
49,170,38.66999816894531,,False,commercial,unknown,national injury attorneys llc,/,home,deep_back,1,0,52,,
49,50,56.36000061035156,,True,commercial,unknown,bad faith insurance attorney arizona,/arizona-bad-faith-insurance-attorney/,legacy-flat,deep_back,4,0,32.7,,
50,140,0,,False,informational,meta,ah law,/contact/,legacy-flat,deep_back,2,0,48,,
50,110,335.8399963378906,,True,informational,other-claims,arizona dog bite law,/dog-bite/,practice-area,deep_back,3,0,47.3,,
50,30,18.579999923706055,,False,commercial,meta,dumond law firm,/about/team/,other,deep_back,0,0,,,
51,20,0,,False,informational,vehicle-crashes,partial liability car accident,/arizona-partial-fault-accident/,legacy-flat,deep_back,0,0,,,
52,70,0,,False,informational,vehicle-crashes,do you need uninsured motorist coverage if you have collision,/hit-by-uninsured-driver-insured/,legacy-flat,deep_back,0,0,,,
53,260,0,,False,informational,unknown,negligent supervision,/premises-liability/negligent-supervision/,practice-area,deep_back,3,0,58.3,,
53,140,17.260000228881836,,False,commercial,meta,the mccloud law firm,/,home,deep_back,0,0,,,
53,70,0,,False,informational,other-claims,if there is an act of violence on the premises,/personal-injury/premises-liability/,other,deep_back,0,0,,,
53,70,0,,False,informational,other-claims,level 3 dog bite treatment,/level-3-dog-bite-settlement-amounts-in-arizona-az-law-now/,legacy-flat,deep_back,3,0,81.7,,
53,50,29.989999771118164,,False,commercial,meta,civil lawyers that work on contingency,/civil-lawyers-who-work-on-contingency/,legacy-flat,deep_back,0,0,,,
53,50,32.7599983215332,,False,informational,unknown,how much is my case worth calculator,/estimate-settlement/,legacy-flat,deep_back,1,0,53,,
53,50,0,,False,informational,unknown,what happens if hit by uninsured driver,/hit-by-uninsured-driver/,legacy-flat,deep_back,0,0,,,
53,30,0,,False,commercial,meta,does insurance cover lawyer fees,/insurance-claim-lawyer-cost/,legacy-flat,deep_back,1,0,57,,
53,30,50.06999969482422,,False,informational,other-claims,dog bite settlement agreement sample,/level-3-dog-bite-settlement-amounts-in-arizona-az-law-now/,legacy-flat,deep_back,0,0,,,
54,260,6.539999961853027,,False,informational,meta,cronauer law,/,home,deep_back,0,0,,,
54,30,0,,False,informational,vehicle-crashes,partial fault car accident,/arizona-partial-fault-accident/,legacy-flat,deep_back,3,0,21.3,,
55,90,34.060001373291016,,False,informational,vehicle-crashes,uninsured motorist driving my car,/hit-by-uninsured-driver-insured/,legacy-flat,deep_back,0,0,,,
55,70,0,,False,informational,vehicle-crashes,recent bus accidents,/bus-accidents/,practice-area,deep_back,1,0,58,,
56,210,57.47999954223633,,False,informational,vehicle-crashes,compensation for car accident calculator,/estimate-settlement/,legacy-flat,deep_back,0,0,,,
56,140,0,,True,informational,meta,ars 28-729,/legal-guides/,legal-guide,deep_back,1,0,58,,
57,320,21.979999542236328,,False,commercial,meta,vrana law firm,/,home,deep_back,5,0,67,,
57,20,0,,False,informational,unknown,the nature of the physical health or environmental hazard,/premises-liability/hazardous-conditions/,practice-area,deep_back,0,0,,,
58,260,0,,False,informational,unknown,supervisory negligence,/premises-liability/negligent-supervision/,practice-area,deep_back,1,0,68,,
58,70,8.109999656677246,,False,informational,unknown,hit by someone without insurance,/hit-by-uninsured-driver/,legacy-flat,deep_back,2,0,27.5,,
58,50,37.560001373291016,,False,navigational,vehicle-crashes,what to do if someone without insurance hits your car,/hit-by-uninsured-driver/,legacy-flat,deep_back,0,0,,,
58,40,15.579999923706055,,False,informational,unknown,how much of a 250k settlement will i get,/estimate-settlement/,legacy-flat,deep_back,0,0,,,
59,140,0,,False,informational,meta,kayleigh law,/,home,deep_back,2,0,63,,
59,70,0,,False,informational,meta,ars 13 1410,/abuse/sexual-abuse/,other,deep_back,0,0,,,
59,50,0,,False,commercial,meta,is a lawyer a mandated reporter,/premises-liability/failure-to-report-abuse/,practice-area,deep_back,0,0,,,
60,320,0,,False,informational,vehicle-crashes,ars hit-and-run,/client-guides/hit-and-run-victim-guide/,client-guide,deep_back,0,0,,,
60,110,0,,False,informational,unknown,definition of attractive nuisance,/glossary/attractive-nuisance/,glossary,deep_back,1,0,62,,
60,90,0,,False,informational,vehicle-crashes,fatigue after car accident,/symptoms-car-accident-trauma/,legacy-flat,deep_back,0,0,,,
60,30,0,,False,informational,unknown,involuntary seclusion examples,/premises-liability/improper-use-of-restraints/,practice-area,deep_back,0,0,,,
61,70,18.34000015258789,,False,informational,meta,lawsuit calculator,/estimate-settlement/,legacy-flat,deep_back,0,0,,,
61,70,17.25,,False,informational,vehicle-crashes,what happens to uninsured drivers in an accident,/hit-by-uninsured-driver-insured/,legacy-flat,deep_back,5,0,47.8,,
62,320,0,,False,informational,unknown,failure to report,/premises-liability/failure-to-report-abuse/,practice-area,deep_back,5,0,26.8,,
62,90,31.649999618530273,,True,informational,unknown,is az a no fault state,/arizona-partial-fault-accident/,legacy-flat,deep_back,1,0,79,,
62,70,128.57000732421875,,True,commercial,unknown,personal injury attorney flagstaff az,/,home,deep_back,0,0,,,
62,70,0,,False,informational,meta,law badgers,/,home,deep_back,0,0,,,
62,20,0,,False,informational,other-claims,level 3 dog bite settlement california,/level-3-dog-bite-settlement-amounts-in-arizona-az-law-now/,legacy-flat,deep_back,0,0,,,
62,20,0,,False,informational,vehicle-crashes,psychological effects of a car accident,/psychological-effects-car-accidents/,legacy-flat,deep_back,0,0,,,
63,260,46.20000076293945,,False,commercial,meta,civil lawyers who work on contingency,/civil-lawyers-who-work-on-contingency/,legacy-flat,deep_back,28,0,10.5,,
63,170,100.2300033569336,,False,informational,vehicle-crashes,depression after car accident,/psychological-effects-car-accidents/,legacy-flat,deep_back,5,0,76.6,,
64,110,0,,False,informational,unknown,settlement on,/glossary/settlement/,glossary,deep_back,1,0,65,,
64,50,16.579999923706055,,False,informational,meta,abron law,/,home,deep_back,0,0,,,
65,480,18.030000686645508,,False,informational,meta,settlement law,/glossary/settlement/,glossary,deep_back,2,0,74.5,,
65,70,0,,True,informational,unknown,is arizona an at-fault state,/arizona-partial-fault-accident/,legacy-flat,deep_back,0,0,,,
65,40,2.569999933242798,,False,informational,meta,white mountain injury law,/,home,deep_back,1,0,68,,
66,30,30.110000610351562,,False,informational,other-claims,slip and fall injury settlement,/slip-fall-injury-settlement-amounts/,legacy-flat,deep_back,0,0,,,
66,30,0,,False,informational,vehicle-crashes,what can you sue a daycare for,/sue-daycare-for-negligence/,legacy-flat,deep_back,4,0,19.3,,
67,260,322.94000244140625,,True,commercial,vehicle-crashes,accident attorney az,/,home,deep_back,0,0,,,
67,170,0,,False,informational,abuse-negligence,supervision neglect,/premises-liability/negligent-supervision/,practice-area,deep_back,2,0,76,,
67,20,0,,False,informational,unknown,negligent hiring example,/premises-liability/negligent-hiring-or-training/,practice-area,deep_back,0,0,,,
68,70,0.11999999731779099,,True,informational,unknown,do you have to wear a helmet in arizona,/motorcycle-accidents/,practice-area,deep_back,35,0,63.0,,
68,70,0,,False,informational,vehicle-crashes,after effects of car accident,/symptoms-car-accident-trauma/,legacy-flat,deep_back,0,0,,,
68,50,8.460000038146973,,True,informational,vehicle-crashes,arizona leaving scene of accident,/arizona-partial-fault-accident/,legacy-flat,deep_back,0,0,,,
68,30,0,,False,informational,vehicle-crashes,partially at fault car accident,/arizona-partial-fault-accident/,legacy-flat,deep_back,1,0,93,,
69,590,39.7400016784668,,False,informational,unknown,third party claims,/glossary/third-party-claim/,glossary,deep_back,4,0,73.2,,
69,320,0,,False,informational,unknown,fail to report,/premises-liability/failure-to-report-abuse/,practice-area,deep_back,0,0,,,
69,70,59.5,,True,informational,unknown,arizona no-fault state,/arizona-partial-fault-accident/,legacy-flat,deep_back,0,0,,,
69,40,12.180000305175781,,True,informational,unknown,is uninsured motorist coverage required in arizona,/hit-by-uninsured-driver-insured/,legacy-flat,deep_back,3,0,35.5,,
69,40,0,,False,informational,other-claims,level 5 dog bite settlement amount,/level-3-dog-bite-settlement-amounts-in-arizona-az-law-now/,legacy-flat,deep_back,1,0,72,,
69,30,0,,False,informational,unknown,how much can you sue for food poisoning,/how-much-money-suing-restaurant/,legacy-flat,deep_back,2,0,81.5,,
69,30,0,,False,informational,unknown,negligent hiring retention and supervision,/premises-liability/negligent-hiring-or-training/,practice-area,deep_back,0,0,,,
70,1600,0.029999999329447746,,False,informational,meta,discovery law definition,/glossary/discovery/,glossary,deep_back,1,0,70,,
70,720,107.19000244140625,,False,commercial,unknown,attorney bad faith,/arizona-bad-faith-insurance-attorney/,legacy-flat,deep_back,0,0,,,
70,170,0,,False,informational,unknown,what is an invitee,/glossary/invitee/,glossary,deep_back,2,0,73,,
70,50,0,,False,informational,unknown,what happens if i hit an uninsured driver,/hit-by-uninsured-driver/,legacy-flat,deep_back,0,0,,,
70,40,6.980000019073486,,False,informational,other-claims,slip and fall injury compensation,/slip-fall-injury-settlement-amounts/,legacy-flat,deep_back,2,0,73.5,,
70,30,147.99000549316406,,False,informational,vehicle-crashes,mental trauma after car accident,/psychological-effects-car-accidents/,legacy-flat,deep_back,1,0,73,,
71,390,17.920000076293945,,False,commercial,meta,knowles law firm,/about/team/,other,deep_back,2,0,83,,
71,260,95.47000122070312,,False,informational,vehicle-crashes,after car crash symptoms,/symptoms-car-accident-trauma/,legacy-flat,deep_back,0,0,,,
71,50,17.440000534057617,,False,commercial,meta,bonneau law firm,/,home,deep_back,1,0,74,,
71,30,0,,False,informational,other-claims,what does animal control do when a dog bites someone,/can-animal-control-take-dog/,legacy-flat,deep_back,3,0,24.7,,
72,1300,208.67999267578125,,True,informational,vehicle-crashes,arizona auto accident laws,/arizona-partial-fault-accident/,legacy-flat,deep_back,0,0,,,
72,170,0,,False,informational,abuse-negligence,neglect supervision,/premises-liability/negligent-supervision/,practice-area,deep_back,0,0,,,
72,70,59.5,,True,informational,unknown,arizona no fault state,/arizona-partial-fault-accident/,legacy-flat,deep_back,2,0,80,,
72,30,0,,False,informational,unknown,involuntary seclusion is,/premises-liability/improper-use-of-restraints/,practice-area,deep_back,0,0,,,
73,40,29.729999542236328,,False,informational,unknown,at fault party,/arizona-partial-fault-accident/,legacy-flat,deep_back,1,0,74,,
73,40,29.729999542236328,,False,informational,unknown,at-fault party,/arizona-partial-fault-accident/,legacy-flat,deep_back,2,0,81,,
73,20,6.199999809265137,,False,informational,vehicle-crashes,does uninsured motorist cover someone driving my car,/hit-by-uninsured-driver-insured/,legacy-flat,deep_back,0,0,,,
74,90,37.56999969482422,,False,commercial,meta,lawyer now,/about/team/,other,deep_back,4,0,11,,
74,30,0.6200000047683716,,True,informational,vehicle-crashes,elder financial abuse arizona,/abuse/elder-abuse/,other,deep_back,1,0,58,,
74,30,11.210000038146973,,False,informational,unknown,i hit someone without insurance,/hit-by-uninsured-driver/,legacy-flat,deep_back,0,0,,,
75,90,13.619999885559082,,False,informational,unknown,i hit uninsured driver,/hit-by-uninsured-driver/,legacy-flat,deep_back,0,0,,,
76,390,0,,False,informational,unknown,settlement examples,/slip-and-fall-settlement-examples/,legacy-flat,deep_back,0,0,,,
76,170,0,,False,informational,vehicle-crashes,uninsured driver in insured car,/hit-by-uninsured-driver-insured/,legacy-flat,deep_back,1,0,33,,
77,40,180.74000549316406,,True,informational,vehicle-crashes,arizona auto accident law,/arizona-partial-fault-accident/,legacy-flat,impression_loser,60,0,30.1,,
77,390,23.75,,True,informational,unknown,is arizona a no-fault state,/arizona-partial-fault-accident/,legacy-flat,deep_back,1,0,72,,
77,40,135,,False,informational,unknown,can you sue a store if you fall,/suing-store-for-fall-guide/,legacy-flat,deep_back,15,0,19,,
78,30,147.99000549316406,,False,informational,vehicle-crashes,psychological trauma after car accident,/psychological-effects-car-accidents/,legacy-flat,deep_back,2,0,84,,
78,20,0,,False,informational,other-claims,if your dog bites another dog,/can-animal-control-take-dog/,legacy-flat,deep_back,0,0,,,
79,590,119.81999969482422,,False,commercial,unknown,contingency attorney,/civil-lawyers-who-work-on-contingency/,legacy-flat,deep_back,0,0,,,
80,50,15.109999656677246,,False,informational,vehicle-crashes,car crash side effects,/symptoms-car-accident-trauma/,legacy-flat,deep_back,0,0,,,
80,40,0,,False,informational,vehicle-crashes,what happens if you are underinsured and have an accident,/hit-by-uninsured-driver/,legacy-flat,deep_back,0,0,,,
80,20,0,,False,informational,unknown,personal injury settlement value calculator,/estimate-settlement/,legacy-flat,deep_back,0,0,,,
82,110,0,,False,informational,unknown,define attractive nuisance,/glossary/attractive-nuisance/,glossary,deep_back,1,0,83,,
82,70,2.7799999713897705,,False,commercial,meta,contingency lawyers for civil cases,/civil-lawyers-who-work-on-contingency/,legacy-flat,deep_back,0,0,,,
82,50,0,,False,informational,vehicle-crashes,what type of trauma is a car accident,/symptoms-car-accident-trauma/,legacy-flat,deep_back,0,0,,,
82,40,0,,True,commercial,vehicle-crashes,yuma truck accident lawyer,/personal-injury/truck-accident/,other,deep_back,0,0,,,
83,70,29.989999771118164,,False,informational,vehicle-crashes,uninsured motorist accidents,/hit-by-uninsured-driver-insured/,legacy-flat,deep_back,0,0,,,
84,40,0,,False,informational,meta,inadequate security lawsuit,/premises-liability/negligent-security/,practice-area,deep_back,1,0,84,,
85,390,0,,True,commercial,vehicle-crashes,arizona truck accident attorney,/personal-injury/truck-accident/,other,deep_back,31,0,82.2,,
85,210,0,,False,informational,meta,settlement law definition,/glossary/settlement/,glossary,deep_back,2,0,88,,
85,50,0,,False,informational,vehicle-crashes,psychological shock after car accident,/psychological-effects-car-accidents/,legacy-flat,deep_back,1,0,86,,
85,20,0,,False,commercial,unknown,negligent hire,/premises-liability/negligent-hiring-or-training/,practice-area,deep_back,1,0,47,,
86,90,55.31999969482422,,False,informational,vehicle-crashes,i was hit by a drunk driver,/client-guides/hit-by-drunk-driver/,client-guide,deep_back,1,0,87,,
88,210,0,,False,informational,unknown,settlement legal definition,/glossary/settlement/,glossary,deep_back,2,0,89,,
88,20,5.550000190734863,,True,informational,unknown,is arizona a no fault insurance state,/arizona-partial-fault-accident/,legacy-flat,deep_back,1,0,97,,
89,320,99.98999786376953,,False,informational,unknown,hit by an uninsured motorist,/hit-by-uninsured-driver/,legacy-flat,deep_back,1,0,85,,
90,90,8.289999961853027,,False,informational,meta,what is settlement in law,/glossary/settlement/,glossary,deep_back,1,0,90,,
91,110,0,,False,informational,unknown,what does settlement,/glossary/settlement/,glossary,deep_back,1,0,90,,
92,40,1.1800000667572021,,True,informational,vehicle-crashes,is arizona a no fault state for car accidents,/arizona-partial-fault-accident/,legacy-flat,deep_back,1,0,87,,
94,70,0,,False,informational,unknown,if traction conditions are hazardous you should,/premises-liability/hazardous-conditions/,practice-area,deep_back,0,0,,,
96,70,0,,False,informational,vehicle-crashes,uninsured motorist coverage hit and run,/hit-by-uninsured-driver-insured/,legacy-flat,deep_back,0,0,,,
96,40,0,,False,informational,vehicle-crashes,what happens if you are uninsured and have an accident,/uninsured-drivers-accident/,legacy-flat,deep_back,2,0,68,,
96,30,0,,False,informational,other-claims,level 5 dog bite settlement,/level-3-dog-bite-settlement-amounts-in-arizona-az-law-now/,legacy-flat,deep_back,0,0,,,
98,590,58.91999816894531,,False,informational,unknown,3rd party insurance claim,/glossary/third-party-claim/,glossary,deep_back,7,0,98.9,,
98,20,0,,False,informational,unknown,negligent hiring examples,/premises-liability/negligent-hiring-or-training/,practice-area,deep_back,0,0,,,
99,110,0,,False,informational,unknown,attractive nuisance definition,/glossary/attractive-nuisance/,glossary,deep_back,1,0,100,,
100,30,3.3399999141693115,,False,commercial,abuse-negligence,how much is malpractice insurance for a lawyer,/insurance-claim-lawyer-cost/,legacy-flat,deep_back,0,0,,,
